
  {"asin":"B00AK8J4QS","attributes":{"specialty":[{"language_tag":"en_IN","value":"suitable for vegeterians","marketplace_id":"A21TJRUUN4KGV"}],"item_weight":[{"unit":"kilograms","value":5.0,"marketplace_id":"A21TJRUUN4KGV"}],"bullet_point":[{"language_tag":"en_IN","value":"High FibreÂ -  Chakki Fresh Atta is rich in dietary fibres essential for digestion and aids in maintaining overall health and vitality. â??","marketplace_id":"A21TJRUUN4KGV"},{"language_tag":"en_IN","value":"Superior Quality - Pillsbury Chakki Fresh Atta is made using traditional chakki grinding methods in such a way that it retains the goodness of whole wheat and adds to the softness. â??","marketplace_id":"A21TJRUUN4KGV"},{"language_tag":"en_IN","value":"Recipe Ideas - Enjoy soft rotis, parathas, wheat dosa, or also some delicious halwa. You could try out stuffed parathas, or rotis with Pillsbury Chocolate spread, and enjoy a delicious home cooked meal. â??","marketplace_id":"A21TJRUUN4KGV"},{"language_tag":"en_IN","value":"Extremely Soft Rotis - With Pillsbury Chakki Fresh Atta, you can now make rotis that are extremely soft. When stored in a casserole, rotis retain their softness for upto 6 hours.â??","marketplace_id":"A21TJRUUN4KGV"}],"item_dimensions":[{"width":{"unit":"centimeters","value":48.3},"length":{"unit":"centimeters","value":55.9},"height":{"unit":"centimeters","value":12.7},"marketplace_id":"A21TJRUUN4KGV"}],"brand":[{"language_tag":"en_IN","value":"Pillsbury","marketplace_id":"A21TJRUUN4KGV"}],"is_expiration_dated_product":[{"value":true,"marketplace_id":"A21TJRUUN4KGV"}],"generic_keyword":[{"language_tag":"en_IN","value":"New Arrivals_CE_PJan18","marketplace_id":"A21TJRUUN4KGV"}],"each_unit_count":[{"value":1.0,"marketplace_id":"A21TJRUUN4KGV"}],"item_package_dimensions":[{"length":{"unit":"centimeters","value":9.4},"width":{"unit":"centimeters","value":29.5},"height":{"unit":"centimeters","value":41.0},"marketplace_id":"A21TJRUUN4KGV"}],"size":[{"language_tag":"en_IN","value":"5 kg (Pack of 1)","marketplace_id":"A21TJRUUN4KGV"}],"item_type_name":[{"language_tag":"en_IN","value":"Atta","marketplace_id":"A21TJRUUN4KGV"}],"contains_liquid_contents":[{"value":false,"marketplace_id":"A21TJRUUN4KGV"}],"manufacturer":[{"language_tag":"en_IN","value":"General Mills","marketplace_id":"A21TJRUUN4KGV"}],"externally_assigned_product_identifier":[{"value":"8906000210048","type":"ean","marketplace_id":"A21TJRUUN4KGV"},{"value":"8906000210314","type":"ean","marketplace_id":"A21TJRUUN4KGV"},{"value":"5028881281214","type":"ean","marketplace_id":"A21TJRUUN4KGV"}],"ingredients":[{"language_tag":"en_IN","value":"Whole wheat","marketplace_id":"A21TJRUUN4KGV"}],"supplier_declared_dg_hz_regulation":[{"value":"not_applicable","marketplace_id":"A21TJRUUN4KGV"}],"item_name":[{"language_tag":"en_IN","value":"Pillsbury Chakki Fresh Atta| Wheat Grains | 100% Atta| 0% Maida | Upto 6 Hours of Softness, 5Kg","marketplace_id":"A21TJRUUN4KGV"}],"list_price":[{"value_with_tax":215.0,"currency":"INR","marketplace_id":"A21TJRUUN4KGV"}],"batteries_required":[{"value":false,"marketplace_id":"A21TJRUUN4KGV"}],"product_site_launch_date":[{"value":"2017-01-01T00:00:00-00:00","marketplace_id":"A21TJRUUN4KGV"}],"liquid_packaging_type":[{"value":"Plastic","marketplace_id":"A21TJRUUN4KGV"}],"batteries_included":[{"value":false,"marketplace_id":"A21TJRUUN4KGV"}],"product_expiration_type":[{"language_tag":"en_IN","value":"Production Date Required","marketplace_id":"A21TJRUUN4KGV"}],"temperature_rating":[{"language_tag":"en_IN","value":"Ambient: Room Temperature","marketplace_id":"A21TJRUUN4KGV"}],"flavor":[{"language_tag":"en_IN","value":"wheat","marketplace_id":"A21TJRUUN4KGV"}],"ghs":[{"classification":[{"class":"amzn_specific_no_label_with_warning"}],"marketplace_id":"A21TJRUUN4KGV"}],"fc_shelf_life":[{"unit":"days","value":90.0,"marketplace_id":"A21TJRUUN4KGV"}],"item_package_weight":[{"unit":"kilograms","value":5.03,"marketplace_id":"A21TJRUUN4KGV"}],"recommended_browse_nodes":[{"value":"4859580031","marketplace_id":"A21TJRUUN4KGV"},{"value":"4733365031","marketplace_id":"A21TJRUUN4KGV"},{"value":"4860132031","marketplace_id":"A21TJRUUN4KGV"}],"material_feature":[{"language_tag":"en_IN","value":"Vegetarian","marketplace_id":"A21TJRUUN4KGV"}],"is_heat_sensitive":[{"value":true,"marketplace_id":"A21TJRUUN4KGV"}],"unit_count":[{"type":{"language_tag":"en_IN","value":"gram"},"value":5000.0,"marketplace_id":"A21TJRUUN4KGV"}]},"identifiers":[{"marketplaceId":"A21TJRUUN4KGV","identifiers":[{"identifier":"5028881281214","identifierType":"EAN"},{"identifier":"8906000210048","identifierType":"EAN"},{"identifier":"8906000210314","identifierType":"EAN"}]}],"images":[{"marketplaceId":"A21TJRUUN4KGV","images":[{"variant":"MAIN","link":"https://m.media-amazon.com/images/I/71uWsdpv0ZL.jpg","height":1500,"width":1500},{"variant":"MAIN","link":"https://m.media-amazon.com/images/I/51B5BvGQcAL.jpg","height":500,"width":500},{"variant":"MAIN","link":"https://m.media-amazon.com/images/I/51B5BvGQcAL._SL75_.jpg","height":75,"width":75},{"variant":"PT01","link":"https://m.media-amazon.com/images/I/71y2SA1BuKL.jpg","height":1500,"width":1500},{"variant":"PT01","link":"https://m.media-amazon.com/images/I/51c1KLELskL.jpg","height":500,"width":500},{"variant":"PT01","link":"https://m.media-amazon.com/images/I/51c1KLELskL._SL75_.jpg","height":75,"width":75},{"variant":"PT02","link":"https://m.media-amazon.com/images/I/71bkR+hX5ZL.jpg","height":1500,"width":1500},{"variant":"PT02","link":"https://m.media-amazon.com/images/I/51oNTOOliML.jpg","height":500,"width":500},{"variant":"PT02","link":"https://m.media-amazon.com/images/I/51oNTOOliML._SL75_.jpg","height":75,"width":75},{"variant":"PT03","link":"https://m.media-amazon.com/images/I/71ihjsbW-mL.jpg","height":1500,"width":1500},{"variant":"PT03","link":"https://m.media-amazon.com/images/I/51-YGHtcSpL.jpg","height":500,"width":500},{"variant":"PT03","link":"https://m.media-amazon.com/images/I/51-YGHtcSpL._SL75_.jpg","height":75,"width":75},{"variant":"PT04","link":"https://m.media-amazon.com/images/I/7187cQqfgaL.jpg","height":1500,"width":1500},{"variant":"PT04","link":"https://m.media-amazon.com/images/I/51AK3TqT6OL.jpg","height":500,"width":500},{"variant":"PT04","link":"https://m.media-amazon.com/images/I/51AK3TqT6OL._SL75_.jpg","height":75,"width":75},{"variant":"PT05","link":"https://m.media-amazon.com/images/I/81V2BAjlmJL.jpg","height":1500,"width":1500},{"variant":"PT05","link":"https://m.media-amazon.com/images/I/51YcStTxe5L.jpg","height":500,"width":500},{"variant":"PT05","link":"https://m.media-amazon.com/images/I/51YcStTxe5L._SL75_.jpg","height":75,"width":75}]}],"productTypes":[{"marketplaceId":"A21TJRUUN4KGV","productType":"CEREAL"}],"ranks":[{"marketplaceId":"A21TJRUUN4KGV","ranks":[{"title":"Grocery & Gourmet Foods","link":"https://www.amazon.in/gp/bestsellers/grocery","value":322,"rank":322},{"title":"Wheat Flours","link":"https://www.amazon.in/gp/bestsellers/grocery/4860132031","value":13,"rank":13}]}],"salesRanks":[{"marketplaceId":"A21TJRUUN4KGV","ranks":[{"title":"Grocery & Gourmet Foods","link":"https://www.amazon.in/gp/bestsellers/grocery","value":322,"rank":322},{"title":"Wheat Flours","link":"https://www.amazon.in/gp/bestsellers/grocery/4860132031","value":13,"rank":13}]}],"summaries":[{"marketplaceId":"A21TJRUUN4KGV","brandName":"Pillsbury","browseNode":"4859580031","itemName":"Pillsbury Chakki Fresh Atta| Wheat Grains | 100% Atta| 0% Maida | Upto 6 Hours of Softness, 5Kg","manufacturer":"General Mills","modelNumber":"7147-2","sizeName":"5 kg (Pack of 1)"}],"variations":[]}
