
  {"asin":"B00LJWF9L8","attributes":{"item_weight":[{"unit":"grams","value":255.0,"marketplace_id":"A21TJRUUN4KGV"}],"bullet_point":[{"language_tag":"en_IN","value":"Try Out All Our Flavors - Craving something tasty & healthy? Here are some extra flavours to try out yourself! From Apple Crunch to Roasted Almond, Nature Valley have 4 flavours to offer, so why not give them a go? Made in Spain, each pack contains 6 double bars of 42gm (21gm x 2).","marketplace_id":"A21TJRUUN4KGV"},{"language_tag":"en_IN","value":"Nature Valley Ingredients - Nature Valley starts with the best ingredients, like whole grain oats and honey. A hearty treat you can enjoy any time.","marketplace_id":"A21TJRUUN4KGV"},{"language_tag":"en_IN","value":"No Asterisks  No Artificial Flavours. No Artificial Colours. No Artificial Sweeteners. No High Fructose Corn Syrup. 0 grams Trans Fat. Sometimes you just need a snack that has some serious staying power. Energy you can depend on.","marketplace_id":"A21TJRUUN4KGV"},{"language_tag":"en_IN","value":"Go - to - Snack  Packed with wholegrain oats and with a mouth - watering taste of honey. Nature Valley CRUNCHY GRANOLA BARS OATS & HONEY are the perfect on - the - go snack, which are there for you, whenever you need it most. The need for convenience makes the pre - portioned, portable, and tasty granola bar a go - to snack.","marketplace_id":"A21TJRUUN4KGV"},{"language_tag":"en_IN","value":"Health Convenient Snack At Nature Valley, we believe that what you put in is what you get out. So, when you need to be great out there, you can rely on us for real energy. We give everyone an energy lift when they need it naturally.","marketplace_id":"A21TJRUUN4KGV"}],"item_dimensions":[{"width":{"unit":"millimeters","value":90.0},"length":{"unit":"millimeters","value":160.0},"height":{"unit":"millimeters","value":90.0},"marketplace_id":"A21TJRUUN4KGV"}],"brand":[{"language_tag":"en_IN","value":"Nature Valley","marketplace_id":"A21TJRUUN4KGV"}],"product_expiration_type":[{"language_tag":"en_IN","value":"Expiration Date Required","marketplace_id":"A21TJRUUN4KGV"}],"is_expiration_dated_product":[{"value":true,"marketplace_id":"A21TJRUUN4KGV"}],"generic_keyword":[{"language_tag":"en_IN","value":"Nature Valley;Health Foods;Cereal Bars;Nature Valley;Grocery & Gourmet Foods;Grocery & Gourmet Foods;Products","marketplace_id":"A21TJRUUN4KGV"}],"flavor":[{"language_tag":"en_IN","value":"Oats & Honey","marketplace_id":"A21TJRUUN4KGV"}],"item_package_dimensions":[{"length":{"unit":"centimeters","value":4.7},"width":{"unit":"centimeters","value":13.9},"height":{"unit":"centimeters","value":15.8},"marketplace_id":"A21TJRUUN4KGV"}],"size":[{"language_tag":"en_IN","value":"12 Count (Pack of 1)","marketplace_id":"A21TJRUUN4KGV"}],"fc_shelf_life":[{"unit":"days","value":300.0,"marketplace_id":"A21TJRUUN4KGV"}],"contains_liquid_contents":[{"value":true,"marketplace_id":"A21TJRUUN4KGV"}],"item_package_weight":[{"unit":"kilograms","value":0.31,"marketplace_id":"A21TJRUUN4KGV"}],"manufacturer":[{"language_tag":"en_IN","value":"Nature Valley","marketplace_id":"A21TJRUUN4KGV"}],"externally_assigned_product_identifier":[{"value":"8410076600271","type":"ean","marketplace_id":"A21TJRUUN4KGV"}],"recommended_browse_nodes":[{"value":"4859755031","marketplace_id":"A21TJRUUN4KGV"},{"value":"4733539031","marketplace_id":"A21TJRUUN4KGV"}],"material_feature":[{"language_tag":"en_IN","value":"Vegetarian","marketplace_id":"A21TJRUUN4KGV"}],"item_name":[{"language_tag":"en_IN","value":"Nature Valley Crunchy Granola Bars | Multigrain Energy Bars| No Artificial Flavours | Contains Whole Grain Oats & Honey, 252g (12 Bars-PACK OF 6)","marketplace_id":"A21TJRUUN4KGV"}],"list_price":[{"value_with_tax":360.0,"currency":"INR","marketplace_id":"A21TJRUUN4KGV"}],"batteries_required":[{"value":false,"marketplace_id":"A21TJRUUN4KGV"}],"product_site_launch_date":[{"value":"2017-01-01T00:00:00-00:00","marketplace_id":"A21TJRUUN4KGV"}],"unit_count":[{"type":{"language_tag":"en_IN","value":"gram"},"value":252.0,"marketplace_id":"A21TJRUUN4KGV"}],"batteries_included":[{"value":false,"marketplace_id":"A21TJRUUN4KGV"}]},"identifiers":[{"marketplaceId":"A21TJRUUN4KGV","identifiers":[{"identifier":"8410076600271","identifierType":"EAN"}]}],"images":[{"marketplaceId":"A21TJRUUN4KGV","images":[{"variant":"MAIN","link":"https://m.media-amazon.com/images/I/711R34Hm2VL.jpg","height":1500,"width":1500},{"variant":"MAIN","link":"https://m.media-amazon.com/images/I/51PKemEKRpL.jpg","height":500,"width":500},{"variant":"MAIN","link":"https://m.media-amazon.com/images/I/51PKemEKRpL._SL75_.jpg","height":75,"width":75},{"variant":"PT01","link":"https://m.media-amazon.com/images/I/81zugv3Y5gL.jpg","height":1500,"width":1500},{"variant":"PT01","link":"https://m.media-amazon.com/images/I/518r4w0A3YL.jpg","height":500,"width":500},{"variant":"PT01","link":"https://m.media-amazon.com/images/I/518r4w0A3YL._SL75_.jpg","height":75,"width":75},{"variant":"PT02","link":"https://m.media-amazon.com/images/I/71l-TfD+-fL.jpg","height":1500,"width":1500},{"variant":"PT02","link":"https://m.media-amazon.com/images/I/516wiFkEn-L.jpg","height":500,"width":500},{"variant":"PT02","link":"https://m.media-amazon.com/images/I/516wiFkEn-L._SL75_.jpg","height":75,"width":75},{"variant":"PT03","link":"https://m.media-amazon.com/images/I/81cq3rELnvL.jpg","height":1500,"width":1500},{"variant":"PT03","link":"https://m.media-amazon.com/images/I/51tGU5s0PDL.jpg","height":500,"width":500},{"variant":"PT03","link":"https://m.media-amazon.com/images/I/51tGU5s0PDL._SL75_.jpg","height":75,"width":75},{"variant":"PT04","link":"https://m.media-amazon.com/images/I/71EWOZQiKFL.jpg","height":1500,"width":1500},{"variant":"PT04","link":"https://m.media-amazon.com/images/I/51tqdh0AZoL.jpg","height":500,"width":500},{"variant":"PT04","link":"https://m.media-amazon.com/images/I/51tqdh0AZoL._SL75_.jpg","height":75,"width":75},{"variant":"PT05","link":"https://m.media-amazon.com/images/I/81eOxPF0L3L.jpg","height":1500,"width":1500},{"variant":"PT05","link":"https://m.media-amazon.com/images/I/51kecCX3PKL.jpg","height":500,"width":500},{"variant":"PT05","link":"https://m.media-amazon.com/images/I/51kecCX3PKL._SL75_.jpg","height":75,"width":75},{"variant":"PT06","link":"https://m.media-amazon.com/images/I/71IFmXSqXDL.jpg","height":1500,"width":1500},{"variant":"PT06","link":"https://m.media-amazon.com/images/I/51+PUyxlK7L.jpg","height":500,"width":500},{"variant":"PT06","link":"https://m.media-amazon.com/images/I/51+PUyxlK7L._SL75_.jpg","height":75,"width":75},{"variant":"PT07","link":"https://m.media-amazon.com/images/I/814h26wnutL.jpg","height":1500,"width":1500},{"variant":"PT07","link":"https://m.media-amazon.com/images/I/61-UJaFd64L.jpg","height":500,"width":500},{"variant":"PT07","link":"https://m.media-amazon.com/images/I/61-UJaFd64L._SL75_.jpg","height":75,"width":75}]}],"productTypes":[{"marketplaceId":"A21TJRUUN4KGV","productType":"GROCERY"}],"ranks":[{"marketplaceId":"A21TJRUUN4KGV","ranks":[{"title":"Grocery & Gourmet Foods","link":"https://www.amazon.in/gp/bestsellers/grocery","value":22028,"rank":22028},{"title":"Granola & Snack Bars","link":"https://www.amazon.in/gp/bestsellers/grocery/4859755031","value":83,"rank":83}]}],"salesRanks":[{"marketplaceId":"A21TJRUUN4KGV","ranks":[{"title":"Grocery & Gourmet Foods","link":"https://www.amazon.in/gp/bestsellers/grocery","value":22028,"rank":22028},{"title":"Granola & Snack Bars","link":"https://www.amazon.in/gp/bestsellers/grocery/4859755031","value":83,"rank":83}]}],"summaries":[{"marketplaceId":"A21TJRUUN4KGV","brandName":"Nature Valley","browseNode":"4859755031","itemName":"Nature Valley Crunchy Granola Bars | Multigrain Energy Bars| No Artificial Flavours | Contains Whole Grain Oats & Honey, 252g (12 Bars-PACK OF 6)","manufacturer":"Nature Valley","modelNumber":"8410076600271","sizeName":"12 Count (Pack of 1)"}],"variations":[]}
