
  {"asin":"B00LJWEXD8","attributes":{"container":[{"type":[{"language_tag":"en_IN","value":"Box"}],"marketplace_id":"A21TJRUUN4KGV"}],"specialty":[{"language_tag":"en_IN","value":"Preservative Free","marketplace_id":"A21TJRUUN4KGV"}],"item_weight":[{"unit":"grams","value":500.0,"marketplace_id":"A21TJRUUN4KGV"}],"bullet_point":[{"language_tag":"en_IN","value":"An easy way of preparing perfect pancakes or scones in a matter of minutes","marketplace_id":"A21TJRUUN4KGV"},{"language_tag":"en_IN","value":"Make delicious pancakes for your family without any arduous preparation","marketplace_id":"A21TJRUUN4KGV"},{"language_tag":"en_IN","value":"Make breakfast more special for your loved ones with this original pancake mix from betty crocker","marketplace_id":"A21TJRUUN4KGV"},{"language_tag":"en_IN","value":"Just add some water to the mixture and get ready to taste some scrumptiously tasty, fluffy and light pancakes","marketplace_id":"A21TJRUUN4KGV"},{"language_tag":"en_IN","value":"These delicious, easy to make pan cakes go great with almost everything from fruits to nutella","marketplace_id":"A21TJRUUN4KGV"}],"item_dimensions":[{"width":{"unit":"millimeters","value":142.0},"length":{"unit":"millimeters","value":180.0},"height":{"unit":"millimeters","value":38.0},"marketplace_id":"A21TJRUUN4KGV"}],"brand":[{"language_tag":"en_IN","value":"Betty Crocker","marketplace_id":"A21TJRUUN4KGV"}],"product_expiration_type":[{"language_tag":"en_IN","value":"Production Date Required","marketplace_id":"A21TJRUUN4KGV"}],"is_expiration_dated_product":[{"value":true,"marketplace_id":"A21TJRUUN4KGV"}],"generic_keyword":[{"language_tag":"en_IN","value":"Betty Crocker","marketplace_id":"A21TJRUUN4KGV"},{"language_tag":"en_IN","value":"Baking Supplies","marketplace_id":"A21TJRUUN4KGV"}],"temperature_rating":[{"language_tag":"en_IN","value":"Ambient: Room Temperature","marketplace_id":"A21TJRUUN4KGV"}],"flavor":[{"language_tag":"en_IN","value":"Original","marketplace_id":"A21TJRUUN4KGV"}],"number_of_items":[{"value":1,"marketplace_id":"A21TJRUUN4KGV"}],"item_package_dimensions":[{"length":{"unit":"centimeters","value":4.9},"width":{"unit":"centimeters","value":14.2},"height":{"unit":"centimeters","value":20.2},"marketplace_id":"A21TJRUUN4KGV"}],"directions":[{"language_tag":"en_IN","value":"1. WHISK together all ingredients until blended in a bowl. 2. Heat a frying pan or griddle over medium heat and lightly grease with butter or oil. POUR approximately 45ml i.e. 1/4th cup of batter onto hot pan. 3. Cook until pancakes are dry around edges and bubbles can be seen on them. FLIP and cook on th other side until golden brown. CUSTOMIZE and SERVE hot with maple syrup or honey or toppings of your choice ( fruits, chocolate, jams etc)","marketplace_id":"A21TJRUUN4KGV"}],"size":[{"language_tag":"en_IN","value":"500 g (Pack of 1)","marketplace_id":"A21TJRUUN4KGV"}],"fc_shelf_life":[{"unit":"days","value":270.0,"marketplace_id":"A21TJRUUN4KGV"}],"item_package_weight":[{"unit":"kilograms","value":0.56,"marketplace_id":"A21TJRUUN4KGV"}],"manufacturer":[{"language_tag":"en_IN","value":"General Mills","marketplace_id":"A21TJRUUN4KGV"}],"externally_assigned_product_identifier":[{"value":"8906000210772","type":"ean","marketplace_id":"A21TJRUUN4KGV"}],"recommended_browse_nodes":[{"value":"4860092031","marketplace_id":"A21TJRUUN4KGV"},{"value":"4733880031","marketplace_id":"A21TJRUUN4KGV"}],"ingredients":[{"language_tag":"en_IN","value":"Refined Wheat Flour (Maida), Sugar, Rice Flour, Soya Flour, Edible Vegetable Oil (Palm), Baking Powder, Dextrose, Iodized Salt, Raising Agents (INS500(ii), INS341(i)), Milk Solids, (Anticaking Agents (INS170(i))","marketplace_id":"A21TJRUUN4KGV"}],"material_feature":[{"language_tag":"en_IN","value":"Vegetarian","marketplace_id":"A21TJRUUN4KGV"}],"item_name":[{"language_tag":"en_IN","value":"Betty Crocker Pancake Mix | Instant Breakfast Mix | Waffles and Pancake Mix Powder | Original Flavour | Eggless | 500g","marketplace_id":"A21TJRUUN4KGV"}],"list_price":[{"value_with_tax":205.0,"currency":"INR","marketplace_id":"A21TJRUUN4KGV"}],"batteries_required":[{"value":false,"marketplace_id":"A21TJRUUN4KGV"}],"product_site_launch_date":[{"value":"2017-01-01T00:00:00-00:00","marketplace_id":"A21TJRUUN4KGV"}],"unit_count":[{"type":{"language_tag":"en_IN","value":"gram"},"value":500.0,"marketplace_id":"A21TJRUUN4KGV"}],"batteries_included":[{"value":false,"marketplace_id":"A21TJRUUN4KGV"}]},"identifiers":[{"marketplaceId":"A21TJRUUN4KGV","identifiers":[{"identifier":"8906000210772","identifierType":"EAN"}]}],"images":[{"marketplaceId":"A21TJRUUN4KGV","images":[{"variant":"MAIN","link":"https://m.media-amazon.com/images/I/81i7xjKBJgL.jpg","height":2560,"width":2223},{"variant":"MAIN","link":"https://m.media-amazon.com/images/I/51grEZlPrJL.jpg","height":500,"width":434},{"variant":"MAIN","link":"https://m.media-amazon.com/images/I/51grEZlPrJL._SL75_.jpg","height":75,"width":65},{"variant":"PT01","link":"https://m.media-amazon.com/images/I/71ekAYOdH6L.jpg","height":1500,"width":1500},{"variant":"PT01","link":"https://m.media-amazon.com/images/I/51+NPyxK08L.jpg","height":500,"width":500},{"variant":"PT01","link":"https://m.media-amazon.com/images/I/51+NPyxK08L._SL75_.jpg","height":75,"width":75},{"variant":"PT02","link":"https://m.media-amazon.com/images/I/715YvZ-u9eL.jpg","height":1500,"width":1500},{"variant":"PT02","link":"https://m.media-amazon.com/images/I/412UH30FLhL.jpg","height":500,"width":500},{"variant":"PT02","link":"https://m.media-amazon.com/images/I/412UH30FLhL._SL75_.jpg","height":75,"width":75},{"variant":"PT03","link":"https://m.media-amazon.com/images/I/81jYscsQfgL.jpg","height":1500,"width":1500},{"variant":"PT03","link":"https://m.media-amazon.com/images/I/51DrOAgE4hL.jpg","height":500,"width":500},{"variant":"PT03","link":"https://m.media-amazon.com/images/I/51DrOAgE4hL._SL75_.jpg","height":75,"width":75},{"variant":"PT04","link":"https://m.media-amazon.com/images/I/81PpReOD25L.jpg","height":2560,"width":2223},{"variant":"PT04","link":"https://m.media-amazon.com/images/I/51zDT9UPAhL.jpg","height":500,"width":434},{"variant":"PT04","link":"https://m.media-amazon.com/images/I/51zDT9UPAhL._SL75_.jpg","height":75,"width":65},{"variant":"PT05","link":"https://m.media-amazon.com/images/I/71yv5F45teL.jpg","height":1500,"width":1500},{"variant":"PT05","link":"https://m.media-amazon.com/images/I/51ZQRzdAgjL.jpg","height":500,"width":500},{"variant":"PT05","link":"https://m.media-amazon.com/images/I/51ZQRzdAgjL._SL75_.jpg","height":75,"width":75},{"variant":"PT06","link":"https://m.media-amazon.com/images/I/71vIOLTd+KL.jpg","height":1500,"width":1500},{"variant":"PT06","link":"https://m.media-amazon.com/images/I/51RkDKE8M3L.jpg","height":500,"width":500},{"variant":"PT06","link":"https://m.media-amazon.com/images/I/51RkDKE8M3L._SL75_.jpg","height":75,"width":75},{"variant":"PT07","link":"https://m.media-amazon.com/images/I/71vIOLTd+KL.jpg","height":1500,"width":1500},{"variant":"PT07","link":"https://m.media-amazon.com/images/I/51RkDKE8M3L.jpg","height":500,"width":500},{"variant":"PT07","link":"https://m.media-amazon.com/images/I/51RkDKE8M3L._SL75_.jpg","height":75,"width":75}]}],"productTypes":[{"marketplaceId":"A21TJRUUN4KGV","productType":"BAKING_MIX"}],"ranks":[{"marketplaceId":"A21TJRUUN4KGV","ranks":[{"title":"Grocery & Gourmet Foods","link":"https://www.amazon.in/gp/bestsellers/grocery","value":358,"rank":358},{"title":"Baking Mixes","link":"https://www.amazon.in/gp/bestsellers/grocery/4859566031","value":1,"rank":1}]}],"salesRanks":[{"marketplaceId":"A21TJRUUN4KGV","ranks":[{"title":"Grocery & Gourmet Foods","link":"https://www.amazon.in/gp/bestsellers/grocery","value":358,"rank":358},{"title":"Baking Mixes","link":"https://www.amazon.in/gp/bestsellers/grocery/4859566031","value":1,"rank":1}]}],"summaries":[{"marketplaceId":"A21TJRUUN4KGV","brandName":"Betty Crocker","browseNode":"4860092031","itemName":"Betty Crocker Pancake Mix | Instant Breakfast Mix | Waffles and Pancake Mix Powder | Original Flavour | Eggless | 500g","manufacturer":"General Mills","modelNumber":"8906000210772","sizeName":"500 g (Pack of 1)"}],"variations":[{"marketplaceId":"A21TJRUUN4KGV","asins":["B08CHV2ZXC"],"variationType":"CHILD"}]}
