
  {"asin":"B00LJWF08A","attributes":{"container":[{"type":[{"language_tag":"en_IN","value":"Box"}],"marketplace_id":"A21TJRUUN4KGV"}],"specialty":[{"language_tag":"en_IN","value":"Preservative Free","marketplace_id":"A21TJRUUN4KGV"}],"item_weight":[{"unit":"grams","value":529.0,"marketplace_id":"A21TJRUUN4KGV"}],"bullet_point":[{"language_tag":"en_IN","value":"Betty crocker chocolate fudge cake is your trip into the world of sinfully rich food","marketplace_id":"A21TJRUUN4KGV"},{"language_tag":"en_IN","value":"Enjoy baking a wonderfully delicious cake right at home with no fuss or bother","marketplace_id":"A21TJRUUN4KGV"},{"language_tag":"en_IN","value":"Decadent chocolate flavour","marketplace_id":"A21TJRUUN4KGV"},{"language_tag":"en_IN","value":"Rich in carbohydrate","marketplace_id":"A21TJRUUN4KGV"},{"language_tag":"en_IN","value":"So grab your apron and mixing bowl and fire up your oven","marketplace_id":"A21TJRUUN4KGV"}],"item_dimensions":[{"width":{"unit":"millimeters","value":143.0},"length":{"unit":"millimeters","value":49.0},"height":{"unit":"millimeters","value":183.0},"marketplace_id":"A21TJRUUN4KGV"}],"brand":[{"language_tag":"en_IN","value":"Betty Crocker","marketplace_id":"A21TJRUUN4KGV"}],"product_expiration_type":[{"language_tag":"en_IN","value":"Production Date Required","marketplace_id":"A21TJRUUN4KGV"}],"is_expiration_dated_product":[{"value":true,"marketplace_id":"A21TJRUUN4KGV"}],"generic_keyword":[{"language_tag":"en_IN","value":"NV_Jan18","marketplace_id":"A21TJRUUN4KGV"},{"language_tag":"en_IN","value":"QuickbitePackagedFoods_Pantry_PFeb18","marketplace_id":"A21TJRUUN4KGV"}],"temperature_rating":[{"language_tag":"en_IN","value":"Ambient: Room Temperature","marketplace_id":"A21TJRUUN4KGV"}],"each_unit_count":[{"value":1.0,"marketplace_id":"A21TJRUUN4KGV"}],"flavor":[{"language_tag":"en_IN","value":"Choco Fudge Rich Chocolate","marketplace_id":"A21TJRUUN4KGV"}],"number_of_items":[{"value":1,"marketplace_id":"A21TJRUUN4KGV"}],"item_package_dimensions":[{"length":{"unit":"centimeters","value":5.6},"width":{"unit":"centimeters","value":14.0},"height":{"unit":"centimeters","value":18.0},"marketplace_id":"A21TJRUUN4KGV"}],"size":[{"language_tag":"en_IN","value":"475 g (Pack of 1)","marketplace_id":"A21TJRUUN4KGV"}],"directions":[{"language_tag":"en_IN","value":"1. Mix cake mix, oil, water and egg in a bowl and beat on low speed for 30 seconds; increase speed to medium for further 2 minutes (or beat for 3 minutes with large spoon or wire whisk). Pour into tins. 2. Bake at 1800C as instructed or until knife inserted in center comes out clean. 3. Cool for 10 minutes. Remove the cake from the pan by scraping sides of pan using knife.","marketplace_id":"A21TJRUUN4KGV"}],"fc_shelf_life":[{"unit":"days","value":300.0,"marketplace_id":"A21TJRUUN4KGV"}],"contains_liquid_contents":[{"value":false,"marketplace_id":"A21TJRUUN4KGV"}],"item_package_weight":[{"unit":"kilograms","value":0.54,"marketplace_id":"A21TJRUUN4KGV"}],"manufacturer":[{"language_tag":"en_IN","value":"General Mills","marketplace_id":"A21TJRUUN4KGV"}],"externally_assigned_product_identifier":[{"value":"8906000212257","type":"ean","marketplace_id":"A21TJRUUN4KGV"}],"recommended_browse_nodes":[{"value":"4859566031","marketplace_id":"A21TJRUUN4KGV"}],"ingredients":[{"language_tag":"en_IN","value":"Sugar, Refined Wheat Flour, (Maida), Cocoa Solids (4.7%), Edible Vegetable Oil (Palm), Corn Starch, Dextrose, Raising Agents (INS500(ii), INS341(i)), Modified Starch (INS1442), Iodized Salt, Emulsifiers and Stabilizers (INS477, INS471, INS415), Artificial Flavouring Substance (Vanilla).","marketplace_id":"A21TJRUUN4KGV"}],"supplier_declared_dg_hz_regulation":[{"value":"not_applicable","marketplace_id":"A21TJRUUN4KGV"}],"material_feature":[{"language_tag":"en_IN","value":"Vegetarian","marketplace_id":"A21TJRUUN4KGV"}],"is_heat_sensitive":[{"value":false,"marketplace_id":"A21TJRUUN4KGV"}],"item_name":[{"language_tag":"en_IN","value":"Betty Crocker Choco Fudge Cake Mix | Instant Cake Mix Powder | 3 Step Cake Mix | Whisk, Pour & Bake | Moist Chocolate Fudge Cake | 475g","marketplace_id":"A21TJRUUN4KGV"}],"list_price":[{"value_with_tax":310.0,"currency":"INR","marketplace_id":"A21TJRUUN4KGV"}],"batteries_required":[{"value":false,"marketplace_id":"A21TJRUUN4KGV"}],"product_site_launch_date":[{"value":"2017-01-01T00:00:00-00:00","marketplace_id":"A21TJRUUN4KGV"}],"unit_count":[{"type":{"language_tag":"en_IN","value":"gram"},"value":475.0,"marketplace_id":"A21TJRUUN4KGV"}],"allergen_information":[{"value":"eggs","marketplace_id":"A21TJRUUN4KGV"}],"batteries_included":[{"value":false,"marketplace_id":"A21TJRUUN4KGV"}]},"identifiers":[{"marketplaceId":"A21TJRUUN4KGV","identifiers":[{"identifier":"8906000212257","identifierType":"EAN"}]}],"images":[{"marketplaceId":"A21TJRUUN4KGV","images":[{"variant":"MAIN","link":"https://m.media-amazon.com/images/I/71zYIc5s2wL.jpg","height":1500,"width":1500},{"variant":"MAIN","link":"https://m.media-amazon.com/images/I/51UNgBEFkdL.jpg","height":500,"width":500},{"variant":"MAIN","link":"https://m.media-amazon.com/images/I/51UNgBEFkdL._SL75_.jpg","height":75,"width":75},{"variant":"PT01","link":"https://m.media-amazon.com/images/I/81SUAzPLBWL.jpg","height":1500,"width":1500},{"variant":"PT01","link":"https://m.media-amazon.com/images/I/516JPHI6EAL.jpg","height":500,"width":500},{"variant":"PT01","link":"https://m.media-amazon.com/images/I/516JPHI6EAL._SL75_.jpg","height":75,"width":75},{"variant":"PT02","link":"https://m.media-amazon.com/images/I/61nIHFPwPsL.jpg","height":1500,"width":1500},{"variant":"PT02","link":"https://m.media-amazon.com/images/I/41WghGkLXlL.jpg","height":500,"width":500},{"variant":"PT02","link":"https://m.media-amazon.com/images/I/41WghGkLXlL._SL75_.jpg","height":75,"width":75},{"variant":"PT03","link":"https://m.media-amazon.com/images/I/81BJmCOH27L.jpg","height":1500,"width":1500},{"variant":"PT03","link":"https://m.media-amazon.com/images/I/51ypJ5DZqoL.jpg","height":500,"width":500},{"variant":"PT03","link":"https://m.media-amazon.com/images/I/51ypJ5DZqoL._SL75_.jpg","height":75,"width":75},{"variant":"PT04","link":"https://m.media-amazon.com/images/I/81UPJGd9p7L.jpg","height":1500,"width":1500},{"variant":"PT04","link":"https://m.media-amazon.com/images/I/51vjuqYVH-L.jpg","height":500,"width":500},{"variant":"PT04","link":"https://m.media-amazon.com/images/I/51vjuqYVH-L._SL75_.jpg","height":75,"width":75},{"variant":"PT05","link":"https://m.media-amazon.com/images/I/71qGzxXx8CL.jpg","height":1500,"width":1500},{"variant":"PT05","link":"https://m.media-amazon.com/images/I/51wxCQqTLcL.jpg","height":500,"width":500},{"variant":"PT05","link":"https://m.media-amazon.com/images/I/51wxCQqTLcL._SL75_.jpg","height":75,"width":75},{"variant":"PT06","link":"https://m.media-amazon.com/images/I/71OdjEllkAL.jpg","height":1500,"width":1500},{"variant":"PT06","link":"https://m.media-amazon.com/images/I/51xX1gPjHPL.jpg","height":500,"width":500},{"variant":"PT06","link":"https://m.media-amazon.com/images/I/51xX1gPjHPL._SL75_.jpg","height":75,"width":75},{"variant":"PT07","link":"https://m.media-amazon.com/images/I/71PuCvwGihL.jpg","height":1500,"width":1500},{"variant":"PT07","link":"https://m.media-amazon.com/images/I/51Gc+r1DIZL.jpg","height":500,"width":500},{"variant":"PT07","link":"https://m.media-amazon.com/images/I/51Gc+r1DIZL._SL75_.jpg","height":75,"width":75}]}],"productTypes":[{"marketplaceId":"A21TJRUUN4KGV","productType":"BAKING_MIX"}],"ranks":[{"marketplaceId":"A21TJRUUN4KGV","ranks":[{"title":"Grocery & Gourmet Foods","link":"https://www.amazon.in/gp/bestsellers/grocery","value":2483,"rank":2483},{"title":"Baking Mixes","link":"https://www.amazon.in/gp/bestsellers/grocery/4859566031","value":18,"rank":18}]}],"salesRanks":[{"marketplaceId":"A21TJRUUN4KGV","ranks":[{"title":"Grocery & Gourmet Foods","link":"https://www.amazon.in/gp/bestsellers/grocery","value":2483,"rank":2483},{"title":"Baking Mixes","link":"https://www.amazon.in/gp/bestsellers/grocery/4859566031","value":18,"rank":18}]}],"summaries":[{"marketplaceId":"A21TJRUUN4KGV","brandName":"Betty Crocker","browseNode":"4859566031","itemName":"Betty Crocker Choco Fudge Cake Mix | Instant Cake Mix Powder | 3 Step Cake Mix | Whisk, Pour & Bake | Moist Chocolate Fudge Cake | 475g","manufacturer":"General Mills","modelNumber":"8906000212257","sizeName":"475 g (Pack of 1)"}],"variations":[{"marketplaceId":"A21TJRUUN4KGV","asins":["B08CHT8M6B"],"variationType":"CHILD"}]}
