
  {"asin":"B00S0MVV62","attributes":{"specialty":[{"language_tag":"en_IN","value":"Vegetarian","marketplace_id":"A21TJRUUN4KGV"}],"item_weight":[{"unit":"grams","value":5000.0,"marketplace_id":"A21TJRUUN4KGV"}],"bullet_point":[{"language_tag":"en_IN","value":"Blend of 7 Natural Grains - Pillsbury Atta with Multigrain is a blend of 7 natural grains like wheat, soy, maize, barley, ragi, oats and chana dal. ​","marketplace_id":"A21TJRUUN4KGV"},{"language_tag":"en_IN","value":"Nutrition Powerhouse - ​Nutritious, wholesome, and loaded with fibre, multigrain is just what your digestive system needs for better metabolism. Fibre helps promote regularity and bowel movement.","marketplace_id":"A21TJRUUN4KGV"},{"language_tag":"en_IN","value":"Fibre Rich - Multigrain atta is rich in dietary fibre, which improves digestion and is ideal for a healthy digestive system. While looking for healthy and nourishing diet food alternatives, Multigrain Atta Roti is good for you which you can add in your daily diet.","marketplace_id":"A21TJRUUN4KGV"},{"language_tag":"en_IN","value":"Trust - Pillsbury with its 150 years of experience in wheat and wheat products, combines good quality wheat, selected from India’s finest wheat fields.","marketplace_id":"A21TJRUUN4KGV"}],"item_dimensions":[{"width":{"unit":"millimeters","value":340.0},"length":{"unit":"millimeters","value":60.0},"height":{"unit":"millimeters","value":290.0},"marketplace_id":"A21TJRUUN4KGV"}],"brand":[{"language_tag":"en_IN","value":"Pillsbury","marketplace_id":"A21TJRUUN4KGV"}],"is_expiration_dated_product":[{"value":true,"marketplace_id":"A21TJRUUN4KGV"}],"generic_keyword":[{"language_tag":"en_IN","value":"NewArrivalsPantry_May18","marketplace_id":"A21TJRUUN4KGV"}],"each_unit_count":[{"value":1.0,"marketplace_id":"A21TJRUUN4KGV"}],"item_package_dimensions":[{"length":{"unit":"centimeters","value":8.2},"width":{"unit":"centimeters","value":31.1},"height":{"unit":"centimeters","value":43.29},"marketplace_id":"A21TJRUUN4KGV"}],"size":[{"language_tag":"en_IN","value":"5 kg (Pack of 1)","marketplace_id":"A21TJRUUN4KGV"}],"item_type_name":[{"language_tag":"en_IN","value":"Atta","marketplace_id":"A21TJRUUN4KGV"}],"contains_liquid_contents":[{"value":false,"marketplace_id":"A21TJRUUN4KGV"}],"manufacturer":[{"language_tag":"en_IN","value":"General Mills","marketplace_id":"A21TJRUUN4KGV"}],"externally_assigned_product_identifier":[{"value":"8906000212240","type":"ean","marketplace_id":"A21TJRUUN4KGV"}],"ingredients":[{"language_tag":"en_IN","value":"Wheat, oats, soy, raagi, barley, channa dal and maize.","marketplace_id":"A21TJRUUN4KGV"}],"supplier_declared_dg_hz_regulation":[{"value":"not_applicable","marketplace_id":"A21TJRUUN4KGV"}],"item_name":[{"language_tag":"en_IN","value":"Pillsbury Atta with Multigrain| 100% Wholegrain Atta |0% Maida | Blend of 7 Natural Grains, 5 kg","marketplace_id":"A21TJRUUN4KGV"}],"list_price":[{"value_with_tax":295.0,"currency":"INR","marketplace_id":"A21TJRUUN4KGV"}],"batteries_required":[{"value":false,"marketplace_id":"A21TJRUUN4KGV"}],"product_site_launch_date":[{"value":"2017-01-01T00:00:00-00:00","marketplace_id":"A21TJRUUN4KGV"}],"batteries_included":[{"value":false,"marketplace_id":"A21TJRUUN4KGV"}],"product_expiration_type":[{"language_tag":"en_IN","value":"Production Date Required","marketplace_id":"A21TJRUUN4KGV"}],"temperature_rating":[{"language_tag":"en_IN","value":"Ambient: Room Temperature","marketplace_id":"A21TJRUUN4KGV"}],"number_of_items":[{"value":1,"marketplace_id":"A21TJRUUN4KGV"}],"fc_shelf_life":[{"unit":"days","value":90.0,"marketplace_id":"A21TJRUUN4KGV"}],"item_package_weight":[{"unit":"kilograms","value":5.03,"marketplace_id":"A21TJRUUN4KGV"}],"recommended_browse_nodes":[{"value":"4733904031","marketplace_id":"A21TJRUUN4KGV"},{"value":"14076202031","marketplace_id":"A21TJRUUN4KGV"},{"value":"4860116031","marketplace_id":"A21TJRUUN4KGV"}],"material_feature":[{"language_tag":"en_IN","value":"Vegetarian","marketplace_id":"A21TJRUUN4KGV"}],"is_heat_sensitive":[{"value":false,"marketplace_id":"A21TJRUUN4KGV"}],"unit_count":[{"type":{"language_tag":"en_IN","value":"gram"},"value":5000.0,"marketplace_id":"A21TJRUUN4KGV"}],"allergen_information":[{"value":"buckwheat","marketplace_id":"A21TJRUUN4KGV"},{"value":"buckwheat","marketplace_id":"A21TJRUUN4KGV"},{"value":"buckwheat","marketplace_id":"A21TJRUUN4KGV"},{"value":"buckwheat","marketplace_id":"A21TJRUUN4KGV"},{"value":"buckwheat","marketplace_id":"A21TJRUUN4KGV"}]},"identifiers":[{"marketplaceId":"A21TJRUUN4KGV","identifiers":[{"identifier":"8906000212240","identifierType":"EAN"}]}],"images":[{"marketplaceId":"A21TJRUUN4KGV","images":[{"variant":"MAIN","link":"https://m.media-amazon.com/images/I/71VE6FoP-nL.jpg","height":1500,"width":1500},{"variant":"MAIN","link":"https://m.media-amazon.com/images/I/41EOIhIty1L.jpg","height":500,"width":500},{"variant":"MAIN","link":"https://m.media-amazon.com/images/I/41EOIhIty1L._SL75_.jpg","height":75,"width":75},{"variant":"PT01","link":"https://m.media-amazon.com/images/I/710TpUcNQUL.jpg","height":1500,"width":1500},{"variant":"PT01","link":"https://m.media-amazon.com/images/I/517WKSq8CTL.jpg","height":500,"width":500},{"variant":"PT01","link":"https://m.media-amazon.com/images/I/517WKSq8CTL._SL75_.jpg","height":75,"width":75},{"variant":"PT02","link":"https://m.media-amazon.com/images/I/71U3wAySh7L.jpg","height":1500,"width":1500},{"variant":"PT02","link":"https://m.media-amazon.com/images/I/51E4C1xk7-L.jpg","height":500,"width":500},{"variant":"PT02","link":"https://m.media-amazon.com/images/I/51E4C1xk7-L._SL75_.jpg","height":75,"width":75},{"variant":"PT03","link":"https://m.media-amazon.com/images/I/713BIes+7LL.jpg","height":1500,"width":1500},{"variant":"PT03","link":"https://m.media-amazon.com/images/I/51yIgnAwlKL.jpg","height":500,"width":500},{"variant":"PT03","link":"https://m.media-amazon.com/images/I/51yIgnAwlKL._SL75_.jpg","height":75,"width":75},{"variant":"PT04","link":"https://m.media-amazon.com/images/I/71VZapP0T5L.jpg","height":1500,"width":1500},{"variant":"PT04","link":"https://m.media-amazon.com/images/I/51HKmgX8ibL.jpg","height":500,"width":500},{"variant":"PT04","link":"https://m.media-amazon.com/images/I/51HKmgX8ibL._SL75_.jpg","height":75,"width":75},{"variant":"PT05","link":"https://m.media-amazon.com/images/I/81qRhrEeneL.jpg","height":1500,"width":1500},{"variant":"PT05","link":"https://m.media-amazon.com/images/I/51uykXW0B2L.jpg","height":500,"width":500},{"variant":"PT05","link":"https://m.media-amazon.com/images/I/51uykXW0B2L._SL75_.jpg","height":75,"width":75},{"variant":"PT06","link":"https://m.media-amazon.com/images/I/81WMeunch3L.jpg","height":1500,"width":1500},{"variant":"PT06","link":"https://m.media-amazon.com/images/I/51T1akI26nL.jpg","height":500,"width":500},{"variant":"PT06","link":"https://m.media-amazon.com/images/I/51T1akI26nL._SL75_.jpg","height":75,"width":75},{"variant":"PT07","link":"https://m.media-amazon.com/images/I/810nHUoGXtL.jpg","height":1500,"width":1500},{"variant":"PT07","link":"https://m.media-amazon.com/images/I/518kY-4-zeL.jpg","height":500,"width":500},{"variant":"PT07","link":"https://m.media-amazon.com/images/I/518kY-4-zeL._SL75_.jpg","height":75,"width":75}]}],"productTypes":[{"marketplaceId":"A21TJRUUN4KGV","productType":"FLOUR"}],"ranks":[{"marketplaceId":"A21TJRUUN4KGV","ranks":[{"title":"Grocery & Gourmet Foods","link":"https://www.amazon.in/gp/bestsellers/grocery","value":442,"rank":442},{"title":"Multigrain Flour","link":"https://www.amazon.in/gp/bestsellers/grocery/14076202031","value":2,"rank":2}]}],"salesRanks":[{"marketplaceId":"A21TJRUUN4KGV","ranks":[{"title":"Grocery & Gourmet Foods","link":"https://www.amazon.in/gp/bestsellers/grocery","value":442,"rank":442},{"title":"Multigrain Flour","link":"https://www.amazon.in/gp/bestsellers/grocery/14076202031","value":2,"rank":2}]}],"summaries":[{"marketplaceId":"A21TJRUUN4KGV","brandName":"Pillsbury","browseNode":"14076202031","itemName":"Pillsbury Atta with Multigrain| 100% Wholegrain Atta |0% Maida | Blend of 7 Natural Grains, 5 kg","manufacturer":"General Mills","modelNumber":"8906000212240_PLB","sizeName":"5 kg (Pack of 1)"}],"variations":[]}
