
  {"asin":"B0749R9LCT","attributes":{"container":[{"type":[{"language_tag":"en_IN","value":"Box"}],"marketplace_id":"A21TJRUUN4KGV"}],"specialty":[{"language_tag":"en_IN","value":"Vegetarian","marketplace_id":"A21TJRUUN4KGV"}],"item_weight":[{"unit":"grams","value":299.0,"marketplace_id":"A21TJRUUN4KGV"}],"bullet_point":[{"language_tag":"en_IN","value":"Make breakfast exciting with light, fluffy american café style pancakes at home.","marketplace_id":"A21TJRUUN4KGV"},{"language_tag":"en_IN","value":"Just add some water to the mixture and get ready to taste some scrumptiously tasty pancakes. It takes only 2 minutes to make after you put it in the pan.","marketplace_id":"A21TJRUUN4KGV"},{"language_tag":"en_IN","value":"250 kg pack that can serve up to 11-12 pancakes.","marketplace_id":"A21TJRUUN4KGV"},{"language_tag":"en_IN","value":"Top up the pancakes with your favorite mouth watering toppings.","marketplace_id":"A21TJRUUN4KGV"},{"language_tag":"en_IN","value":"Start your day on a sweet note with Betty Crocker Pancakes. They're easy to make and delicious to eat!","marketplace_id":"A21TJRUUN4KGV"},{"language_tag":"en_IN","value":"Have it as a healthy breakfast, snack, lunch or as a dessert after dinner!","marketplace_id":"A21TJRUUN4KGV"}],"item_dimensions":[{"width":{"unit":"millimeters","value":141.0},"length":{"unit":"millimeters","value":44.0},"height":{"unit":"millimeters","value":157.0},"marketplace_id":"A21TJRUUN4KGV"}],"brand":[{"language_tag":"en_IN","value":"Betty Crocker","marketplace_id":"A21TJRUUN4KGV"}],"product_expiration_type":[{"language_tag":"en_IN","value":"Production Date Required","marketplace_id":"A21TJRUUN4KGV"}],"is_expiration_dated_product":[{"value":true,"marketplace_id":"A21TJRUUN4KGV"}],"generic_keyword":[{"language_tag":"en_IN","value":"NV_Jan18","marketplace_id":"A21TJRUUN4KGV"},{"language_tag":"en_IN","value":"QuickbitePackagedFoods_Pantry_PFeb18","marketplace_id":"A21TJRUUN4KGV"},{"language_tag":"en_IN","value":"NewArrivalsPackagedFoods_Pantry_PFeb18","marketplace_id":"A21TJRUUN4KGV"}],"temperature_rating":[{"language_tag":"en_IN","value":"Ambient: Room Temperature","marketplace_id":"A21TJRUUN4KGV"}],"flavor":[{"language_tag":"en_IN","value":"Original","marketplace_id":"A21TJRUUN4KGV"}],"number_of_items":[{"value":1,"marketplace_id":"A21TJRUUN4KGV"}],"item_package_dimensions":[{"length":{"unit":"centimeters","value":4.4},"width":{"unit":"centimeters","value":14.1},"height":{"unit":"centimeters","value":15.7},"marketplace_id":"A21TJRUUN4KGV"}],"directions":[{"language_tag":"en_IN","value":"1. WHISK together all ingredients until blended in a bowl. 2. Heat a frying pan or griddle over medium heat and lightly grease with butter or oil. POUR approximately 45ml i.e. 1/4th cup of batter onto hot pan. 3. Cook until pancakes are dry around edges and bubbles can be seen on them. FLIP and cook on th other side until golden brown. CUSTOMIZE and SERVE hot with maple syrup or honey or toppings of your choice ( fruits, chocolate, jams etc)","marketplace_id":"A21TJRUUN4KGV"}],"size":[{"language_tag":"en_IN","value":"250 g (Pack of 1)","marketplace_id":"A21TJRUUN4KGV"}],"fc_shelf_life":[{"unit":"days","value":300.0,"marketplace_id":"A21TJRUUN4KGV"}],"contains_liquid_contents":[{"value":false,"marketplace_id":"A21TJRUUN4KGV"}],"item_package_weight":[{"unit":"kilograms","value":0.3,"marketplace_id":"A21TJRUUN4KGV"}],"manufacturer":[{"language_tag":"en_IN","value":"General Mills","marketplace_id":"A21TJRUUN4KGV"}],"externally_assigned_product_identifier":[{"value":"8904150500811","type":"ean","marketplace_id":"A21TJRUUN4KGV"}],"recommended_browse_nodes":[{"value":"4860092031","marketplace_id":"A21TJRUUN4KGV"},{"value":"4733880031","marketplace_id":"A21TJRUUN4KGV"}],"ingredients":[{"language_tag":"en_IN","value":"Refined Wheat Flour (Maida), Sugar, Rice Flour, Soya Flour, Edible Vegetable Oil (Palm), Baking Powder, Dextrose, Iodized Salt, Raising Agents (INS500(ii), INS341(i)), Milk Solids, (Anticaking Agents (INS170(i))","marketplace_id":"A21TJRUUN4KGV"}],"material_feature":[{"language_tag":"en_IN","value":"Vegetarian","marketplace_id":"A21TJRUUN4KGV"}],"item_name":[{"language_tag":"en_IN","value":"Betty Crocker Pancake Mix | Instant Breakfast Mix | Waffles and Pancake Mix Powder | Original Flavour | Eggless | 250g","marketplace_id":"A21TJRUUN4KGV"}],"list_price":[{"value_with_tax":110.0,"currency":"INR","marketplace_id":"A21TJRUUN4KGV"}],"batteries_required":[{"value":false,"marketplace_id":"A21TJRUUN4KGV"}],"product_site_launch_date":[{"value":"2017-06-30T18:30:01.000Z","marketplace_id":"A21TJRUUN4KGV"}],"unit_count":[{"type":{"language_tag":"en_IN","value":"gram"},"value":250.0,"marketplace_id":"A21TJRUUN4KGV"}]},"identifiers":[{"marketplaceId":"A21TJRUUN4KGV","identifiers":[{"identifier":"8904150500811","identifierType":"EAN"}]}],"images":[{"marketplaceId":"A21TJRUUN4KGV","images":[{"variant":"MAIN","link":"https://m.media-amazon.com/images/I/81F-gvrWzcL.jpg","height":2560,"width":2223},{"variant":"MAIN","link":"https://m.media-amazon.com/images/I/51FzCLb9tmL.jpg","height":500,"width":434},{"variant":"MAIN","link":"https://m.media-amazon.com/images/I/51FzCLb9tmL._SL75_.jpg","height":75,"width":65},{"variant":"PT01","link":"https://m.media-amazon.com/images/I/71ekAYOdH6L.jpg","height":1500,"width":1500},{"variant":"PT01","link":"https://m.media-amazon.com/images/I/51+NPyxK08L.jpg","height":500,"width":500},{"variant":"PT01","link":"https://m.media-amazon.com/images/I/51+NPyxK08L._SL75_.jpg","height":75,"width":75},{"variant":"PT02","link":"https://m.media-amazon.com/images/I/715YvZ-u9eL.jpg","height":1500,"width":1500},{"variant":"PT02","link":"https://m.media-amazon.com/images/I/412UH30FLhL.jpg","height":500,"width":500},{"variant":"PT02","link":"https://m.media-amazon.com/images/I/412UH30FLhL._SL75_.jpg","height":75,"width":75},{"variant":"PT03","link":"https://m.media-amazon.com/images/I/81jYscsQfgL.jpg","height":1500,"width":1500},{"variant":"PT03","link":"https://m.media-amazon.com/images/I/51DrOAgE4hL.jpg","height":500,"width":500},{"variant":"PT03","link":"https://m.media-amazon.com/images/I/51DrOAgE4hL._SL75_.jpg","height":75,"width":75},{"variant":"PT04","link":"https://m.media-amazon.com/images/I/81pC9PWz0AL.jpg","height":2560,"width":2223},{"variant":"PT04","link":"https://m.media-amazon.com/images/I/51wYCLN14cL.jpg","height":500,"width":434},{"variant":"PT04","link":"https://m.media-amazon.com/images/I/51wYCLN14cL._SL75_.jpg","height":75,"width":65},{"variant":"PT05","link":"https://m.media-amazon.com/images/I/71yv5F45teL.jpg","height":1500,"width":1500},{"variant":"PT05","link":"https://m.media-amazon.com/images/I/51ZQRzdAgjL.jpg","height":500,"width":500},{"variant":"PT05","link":"https://m.media-amazon.com/images/I/51ZQRzdAgjL._SL75_.jpg","height":75,"width":75},{"variant":"PT06","link":"https://m.media-amazon.com/images/I/71vIOLTd+KL.jpg","height":1500,"width":1500},{"variant":"PT06","link":"https://m.media-amazon.com/images/I/51RkDKE8M3L.jpg","height":500,"width":500},{"variant":"PT06","link":"https://m.media-amazon.com/images/I/51RkDKE8M3L._SL75_.jpg","height":75,"width":75},{"variant":"PT07","link":"https://m.media-amazon.com/images/I/71vIOLTd+KL.jpg","height":1500,"width":1500},{"variant":"PT07","link":"https://m.media-amazon.com/images/I/51RkDKE8M3L.jpg","height":500,"width":500},{"variant":"PT07","link":"https://m.media-amazon.com/images/I/51RkDKE8M3L._SL75_.jpg","height":75,"width":75}]}],"productTypes":[{"marketplaceId":"A21TJRUUN4KGV","productType":"BAKING_MIX"}],"ranks":[{"marketplaceId":"A21TJRUUN4KGV","ranks":[{"title":"Grocery & Gourmet Foods","link":"https://www.amazon.in/gp/bestsellers/grocery","value":2012,"rank":2012},{"title":"Baking Mixes","link":"https://www.amazon.in/gp/bestsellers/grocery/4859566031","value":11,"rank":11}]}],"salesRanks":[{"marketplaceId":"A21TJRUUN4KGV","ranks":[{"title":"Grocery & Gourmet Foods","link":"https://www.amazon.in/gp/bestsellers/grocery","value":2012,"rank":2012},{"title":"Baking Mixes","link":"https://www.amazon.in/gp/bestsellers/grocery/4859566031","value":11,"rank":11}]}],"summaries":[{"marketplaceId":"A21TJRUUN4KGV","brandName":"Betty Crocker","browseNode":"4860092031","itemName":"Betty Crocker Pancake Mix | Instant Breakfast Mix | Waffles and Pancake Mix Powder | Original Flavour | Eggless | 250g","manufacturer":"General Mills","modelNumber":"BCPC250","sizeName":"250 g (Pack of 1)"}],"variations":[]}
