
  {"asin":"B075JLK8Q8","attributes":{"specialty":[{"language_tag":"en_IN","value":"suitable for vegetarians","marketplace_id":"A21TJRUUN4KGV"}],"item_weight":[{"unit":"grams","value":320.0,"marketplace_id":"A21TJRUUN4KGV"}],"bullet_point":[{"language_tag":"en_IN","value":"Lip Smacking Taste -  Delicious creamy chocolate spread that goes with almost anything. Add a chocolaty twist to your regular breakfast with Pillsbury Choco Spread. This creamy, tasty and chocolate - rich spread is sure to satisfy your sweet tooth!​","marketplace_id":"A21TJRUUN4KGV"},{"language_tag":"en_IN","value":"Milk Protein - Pillsbury Milk Chocolate spread is a healthy snack that can be added to your regular food to enhance its taste. It is good source of Milk protein that aids in weight - loss and muscular development.​","marketplace_id":"A21TJRUUN4KGV"},{"language_tag":"en_IN","value":"Smooth & Creamy - The smooth and creamy texture ensures that spreading it is a trouble - free process. A few seconds to spread it on your bread, and you are ready with your convenient on - the - go snack.​","marketplace_id":"A21TJRUUN4KGV"},{"language_tag":"en_IN","value":"Multiple Combinations – Pillsbury Choco Spread goes with almost everything and adds a chocolaty twist. Top it on Cookies, Chocolate Smoothies, Ice creams and Cakes. Or use it to top - up your regular sandwiches and rotis!​","marketplace_id":"A21TJRUUN4KGV"},{"language_tag":"en_IN","value":"No Artificial Preservatives - The product does not contain any artificial preservatives or added colours. It promotes health and wellness, while being rich in taste.​","marketplace_id":"A21TJRUUN4KGV"}],"item_dimensions":[{"width":{"unit":"millimeters","value":92.0},"length":{"unit":"millimeters","value":114.0},"height":{"unit":"millimeters","value":58.0},"marketplace_id":"A21TJRUUN4KGV"}],"brand":[{"language_tag":"en_IN","value":"Pillsbury","marketplace_id":"A21TJRUUN4KGV"}],"product_expiration_type":[{"language_tag":"en_IN","value":"Production Date Required","marketplace_id":"A21TJRUUN4KGV"}],"is_expiration_dated_product":[{"value":true,"marketplace_id":"A21TJRUUN4KGV"}],"generic_keyword":[{"language_tag":"en_IN","value":"NV_Jan18","marketplace_id":"A21TJRUUN4KGV"},{"language_tag":"en_IN","value":"NP_PF_Sep17","marketplace_id":"A21TJRUUN4KGV"},{"language_tag":"en_IN","value":"BestSellersPackagedFoods_Pantry_PFeb18","marketplace_id":"A21TJRUUN4KGV"},{"language_tag":"en_IN","value":"BreakfastStorePackagedFoodsBanner","marketplace_id":"A21TJRUUN4KGV"}],"flavor":[{"language_tag":"en_IN","value":"Milk Chocolate Spread","marketplace_id":"A21TJRUUN4KGV"}],"item_package_dimensions":[{"length":{"unit":"centimeters","value":6.7},"width":{"unit":"centimeters","value":8.1},"height":{"unit":"centimeters","value":11.5},"marketplace_id":"A21TJRUUN4KGV"}],"size":[{"language_tag":"en_IN","value":"290 g (Pack of 1)","marketplace_id":"A21TJRUUN4KGV"}],"fc_shelf_life":[{"unit":"days","value":360.0,"marketplace_id":"A21TJRUUN4KGV"}],"item_type_name":[{"language_tag":"en_IN","value":"Jams, Honey & Spreads","marketplace_id":"A21TJRUUN4KGV"}],"contains_liquid_contents":[{"value":true,"marketplace_id":"A21TJRUUN4KGV"}],"item_package_weight":[{"unit":"kilograms","value":0.34,"marketplace_id":"A21TJRUUN4KGV"}],"manufacturer":[{"language_tag":"en_IN","value":"General Mills","marketplace_id":"A21TJRUUN4KGV"}],"externally_assigned_product_identifier":[{"value":"8904150500880","type":"ean","marketplace_id":"A21TJRUUN4KGV"}],"recommended_browse_nodes":[{"value":"4859662031","marketplace_id":"A21TJRUUN4KGV"}],"material_feature":[{"language_tag":"en_IN","value":"Vegetarian","marketplace_id":"A21TJRUUN4KGV"}],"item_name":[{"language_tag":"en_IN","value":"Pillsbury Milk Choco Spread | No Artificial Preservative |Tasty & Chocolaty | Top it on Cookies, Chocolate Smoothies, Ice Creams and Cakes, 290 gm","marketplace_id":"A21TJRUUN4KGV"}],"list_price":[{"value_with_tax":290.0,"currency":"INR","marketplace_id":"A21TJRUUN4KGV"}],"batteries_required":[{"value":false,"marketplace_id":"A21TJRUUN4KGV"}],"product_site_launch_date":[{"value":"2016-08-07T18:30:01.000Z","marketplace_id":"A21TJRUUN4KGV"}],"unit_count":[{"type":{"language_tag":"en_IN","value":"gram"},"value":290.0,"marketplace_id":"A21TJRUUN4KGV"}]},"identifiers":[{"marketplaceId":"A21TJRUUN4KGV","identifiers":[{"identifier":"8904150500880","identifierType":"EAN"}]}],"images":[{"marketplaceId":"A21TJRUUN4KGV","images":[{"variant":"MAIN","link":"https://m.media-amazon.com/images/I/71uBRAZzfyL.jpg","height":1500,"width":1500},{"variant":"MAIN","link":"https://m.media-amazon.com/images/I/41YFH14wd3L.jpg","height":500,"width":500},{"variant":"MAIN","link":"https://m.media-amazon.com/images/I/41YFH14wd3L._SL75_.jpg","height":75,"width":75},{"variant":"PT01","link":"https://m.media-amazon.com/images/I/71M5HVbBXeL.jpg","height":1500,"width":1500},{"variant":"PT01","link":"https://m.media-amazon.com/images/I/41exxeL5abL.jpg","height":500,"width":500},{"variant":"PT01","link":"https://m.media-amazon.com/images/I/41exxeL5abL._SL75_.jpg","height":75,"width":75},{"variant":"PT02","link":"https://m.media-amazon.com/images/I/81BDq+qlzSL.jpg","height":1500,"width":1500},{"variant":"PT02","link":"https://m.media-amazon.com/images/I/51WRBXh5Z1L.jpg","height":500,"width":500},{"variant":"PT02","link":"https://m.media-amazon.com/images/I/51WRBXh5Z1L._SL75_.jpg","height":75,"width":75},{"variant":"PT03","link":"https://m.media-amazon.com/images/I/71Mv88vsDdL.jpg","height":1500,"width":1500},{"variant":"PT03","link":"https://m.media-amazon.com/images/I/51jQH5dsrmL.jpg","height":500,"width":500},{"variant":"PT03","link":"https://m.media-amazon.com/images/I/51jQH5dsrmL._SL75_.jpg","height":75,"width":75},{"variant":"PT04","link":"https://m.media-amazon.com/images/I/71ZoomfZqML.jpg","height":1500,"width":1500},{"variant":"PT04","link":"https://m.media-amazon.com/images/I/51DN52XmEEL.jpg","height":500,"width":500},{"variant":"PT04","link":"https://m.media-amazon.com/images/I/51DN52XmEEL._SL75_.jpg","height":75,"width":75},{"variant":"PT05","link":"https://m.media-amazon.com/images/I/81KBEPfsnpL.jpg","height":1500,"width":1500},{"variant":"PT05","link":"https://m.media-amazon.com/images/I/61-qARf5oTL.jpg","height":500,"width":500},{"variant":"PT05","link":"https://m.media-amazon.com/images/I/61-qARf5oTL._SL75_.jpg","height":75,"width":75},{"variant":"PT06","link":"https://m.media-amazon.com/images/I/71DRtvBHGeL.jpg","height":1500,"width":1500},{"variant":"PT06","link":"https://m.media-amazon.com/images/I/51XH+MMoUFL.jpg","height":500,"width":500},{"variant":"PT06","link":"https://m.media-amazon.com/images/I/51XH+MMoUFL._SL75_.jpg","height":75,"width":75}]}],"productTypes":[{"marketplaceId":"A21TJRUUN4KGV","productType":"FOOD"}],"ranks":[{"marketplaceId":"A21TJRUUN4KGV","ranks":[{"title":"Grocery & Gourmet Foods","link":"https://www.amazon.in/gp/bestsellers/grocery","value":5142,"rank":5142},{"title":"Jams, Honey & Spreads","link":"https://www.amazon.in/gp/bestsellers/grocery/4859489031","value":242,"rank":242}]}],"salesRanks":[{"marketplaceId":"A21TJRUUN4KGV","ranks":[{"title":"Grocery & Gourmet Foods","link":"https://www.amazon.in/gp/bestsellers/grocery","value":5142,"rank":5142},{"title":"Jams, Honey & Spreads","link":"https://www.amazon.in/gp/bestsellers/grocery/4859489031","value":242,"rank":242}]}],"summaries":[{"marketplaceId":"A21TJRUUN4KGV","brandName":"Pillsbury","browseNode":"4859662031","itemName":"Pillsbury Milk Choco Spread | No Artificial Preservative |Tasty & Chocolaty | Top it on Cookies, Chocolate Smoothies, Ice Creams and Cakes, 290 gm","manufacturer":"General Mills","modelNumber":"8904150500880_290G","sizeName":"290 g (Pack of 1)"}],"variations":[]}
