
  {"asin":"B07H2WTTVD","attributes":{"specialty":[{"language_tag":"en_IN","value":"Vegetarian","marketplace_id":"A21TJRUUN4KGV"}],"item_weight":[{"unit":"kilograms","value":1.0,"marketplace_id":"A21TJRUUN4KGV"}],"bullet_point":[{"language_tag":"en_IN","value":"Best quality atta","marketplace_id":"A21TJRUUN4KGV"},{"language_tag":"en_IN","value":"BOM","marketplace_id":"A21TJRUUN4KGV"},{"language_tag":"en_IN","value":"Country of Origin: India","marketplace_id":"A21TJRUUN4KGV"}],"item_dimensions":[{"width":{"unit":"millimeters","value":176.0},"length":{"unit":"millimeters","value":59.0},"height":{"unit":"millimeters","value":263.0},"marketplace_id":"A21TJRUUN4KGV"}],"brand":[{"language_tag":"en_IN","value":"Pillsbury","marketplace_id":"A21TJRUUN4KGV"}],"product_expiration_type":[{"language_tag":"en_IN","value":"Production Date Required","marketplace_id":"A21TJRUUN4KGV"}],"is_expiration_dated_product":[{"value":true,"marketplace_id":"A21TJRUUN4KGV"}],"generic_keyword":[{"language_tag":"en_IN","value":"fortune chakki fresh atta","marketplace_id":"A21TJRUUN4KGV"},{"language_tag":"en_IN","value":"chakki fresh atta","marketplace_id":"A21TJRUUN4KGV"},{"language_tag":"en_IN","value":"hakki fresh atta 5 kg","marketplace_id":"A21TJRUUN4KGV"},{"language_tag":"en_IN","value":"aashirvaad atta 10 kg","marketplace_id":"A21TJRUUN4KGV"},{"language_tag":"en_IN","value":"aashirvaad atta 10 kg fresh","marketplace_id":"A21TJRUUN4KGV"},{"language_tag":"en_IN","value":"wheat atta","marketplace_id":"A21TJRUUN4KGV"},{"language_tag":"en_IN","value":"wheat aata","marketplace_id":"A21TJRUUN4KGV"},{"language_tag":"en_IN","value":"multigrain atta","marketplace_id":"A21TJRUUN4KGV"},{"language_tag":"en_IN","value":"multigrain flour","marketplace_id":"A21TJRUUN4KGV"},{"language_tag":"en_IN","value":"ata","marketplace_id":"A21TJRUUN4KGV"},{"language_tag":"en_IN","value":"chakki atta","marketplace_id":"A21TJRUUN4KGV"},{"language_tag":"en_IN","value":"kutta ka atta","marketplace_id":"A21TJRUUN4KGV"},{"language_tag":"en_IN","value":"organic atta","marketplace_id":"A21TJRUUN4KGV"}],"temperature_rating":[{"language_tag":"en_IN","value":"Ambient: Room Temperature","marketplace_id":"A21TJRUUN4KGV"}],"each_unit_count":[{"value":1.0,"marketplace_id":"A21TJRUUN4KGV"}],"number_of_items":[{"value":1,"marketplace_id":"A21TJRUUN4KGV"}],"item_package_dimensions":[{"length":{"unit":"centimeters","value":4.7},"width":{"unit":"centimeters","value":17.5},"height":{"unit":"centimeters","value":25.9},"marketplace_id":"A21TJRUUN4KGV"}],"size":[{"language_tag":"en_IN","value":"1kg","marketplace_id":"A21TJRUUN4KGV"}],"fc_shelf_life":[{"unit":"days","value":90.0,"marketplace_id":"A21TJRUUN4KGV"}],"item_type_name":[{"language_tag":"en_IN","value":"Atta","marketplace_id":"A21TJRUUN4KGV"}],"contains_liquid_contents":[{"value":false,"marketplace_id":"A21TJRUUN4KGV"}],"item_package_weight":[{"unit":"kilograms","value":1.03,"marketplace_id":"A21TJRUUN4KGV"}],"manufacturer":[{"language_tag":"en_IN","value":"General Mills","marketplace_id":"A21TJRUUN4KGV"}],"externally_assigned_product_identifier":[{"value":"8906000210291","type":"ean","marketplace_id":"A21TJRUUN4KGV"},{"value":"8906000210994","type":"ean","marketplace_id":"A21TJRUUN4KGV"}],"recommended_browse_nodes":[{"value":"4859580031","marketplace_id":"A21TJRUUN4KGV"},{"value":"4733365031","marketplace_id":"A21TJRUUN4KGV"},{"value":"4860132031","marketplace_id":"A21TJRUUN4KGV"}],"ingredients":[{"language_tag":"en_IN","value":"Whole Wheat","marketplace_id":"A21TJRUUN4KGV"}],"supplier_declared_dg_hz_regulation":[{"value":"not_applicable","marketplace_id":"A21TJRUUN4KGV"}],"material_feature":[{"language_tag":"en_IN","value":"Vegetarian","marketplace_id":"A21TJRUUN4KGV"}],"is_heat_sensitive":[{"value":false,"marketplace_id":"A21TJRUUN4KGV"}],"item_name":[{"language_tag":"en_IN","value":"Pillsbury Chakki Fresh Atta, 1kg","marketplace_id":"A21TJRUUN4KGV"}],"list_price":[{"value_with_tax":58.0,"currency":"INR","marketplace_id":"A21TJRUUN4KGV"}],"batteries_required":[{"value":false,"marketplace_id":"A21TJRUUN4KGV"}],"product_site_launch_date":[{"value":"2017-12-31T18:30:01.000Z","marketplace_id":"A21TJRUUN4KGV"}],"unit_count":[{"type":{"language_tag":"en_IN","value":"gram"},"value":1000.0,"marketplace_id":"A21TJRUUN4KGV"}]},"identifiers":[{"marketplaceId":"A21TJRUUN4KGV","identifiers":[{"identifier":"8906000210291","identifierType":"EAN"},{"identifier":"8906000210994","identifierType":"EAN"}]}],"images":[{"marketplaceId":"A21TJRUUN4KGV","images":[{"variant":"MAIN","link":"https://m.media-amazon.com/images/I/71uWsdpv0ZL.jpg","height":1500,"width":1500},{"variant":"MAIN","link":"https://m.media-amazon.com/images/I/51B5BvGQcAL.jpg","height":500,"width":500},{"variant":"MAIN","link":"https://m.media-amazon.com/images/I/51B5BvGQcAL._SL75_.jpg","height":75,"width":75},{"variant":"PT01","link":"https://m.media-amazon.com/images/I/715R5XbVi1L.jpg","height":1500,"width":1500},{"variant":"PT01","link":"https://m.media-amazon.com/images/I/51sBMRi6bUL.jpg","height":500,"width":500},{"variant":"PT01","link":"https://m.media-amazon.com/images/I/51sBMRi6bUL._SL75_.jpg","height":75,"width":75},{"variant":"PT02","link":"https://m.media-amazon.com/images/I/81V2BAjlmJL.jpg","height":1500,"width":1500},{"variant":"PT02","link":"https://m.media-amazon.com/images/I/51YcStTxe5L.jpg","height":500,"width":500},{"variant":"PT02","link":"https://m.media-amazon.com/images/I/51YcStTxe5L._SL75_.jpg","height":75,"width":75},{"variant":"PT03","link":"https://m.media-amazon.com/images/I/7187cQqfgaL.jpg","height":1500,"width":1500},{"variant":"PT03","link":"https://m.media-amazon.com/images/I/51AK3TqT6OL.jpg","height":500,"width":500},{"variant":"PT03","link":"https://m.media-amazon.com/images/I/51AK3TqT6OL._SL75_.jpg","height":75,"width":75},{"variant":"PT04","link":"https://m.media-amazon.com/images/I/71bkR+hX5ZL.jpg","height":1500,"width":1500},{"variant":"PT04","link":"https://m.media-amazon.com/images/I/51oNTOOliML.jpg","height":500,"width":500},{"variant":"PT04","link":"https://m.media-amazon.com/images/I/51oNTOOliML._SL75_.jpg","height":75,"width":75},{"variant":"PT05","link":"https://m.media-amazon.com/images/I/71ihjsbW-mL.jpg","height":1500,"width":1500},{"variant":"PT05","link":"https://m.media-amazon.com/images/I/51-YGHtcSpL.jpg","height":500,"width":500},{"variant":"PT05","link":"https://m.media-amazon.com/images/I/51-YGHtcSpL._SL75_.jpg","height":75,"width":75},{"variant":"PT06","link":"https://m.media-amazon.com/images/I/81grEcW9F1L.jpg","height":1500,"width":1500},{"variant":"PT06","link":"https://m.media-amazon.com/images/I/51IGJrHPWeL.jpg","height":500,"width":500},{"variant":"PT06","link":"https://m.media-amazon.com/images/I/51IGJrHPWeL._SL75_.jpg","height":75,"width":75}]}],"productTypes":[{"marketplaceId":"A21TJRUUN4KGV","productType":"FLOUR"}],"ranks":[{"marketplaceId":"A21TJRUUN4KGV","ranks":[{"title":"Grocery & Gourmet Foods","link":"https://www.amazon.in/gp/bestsellers/grocery","value":127,"rank":127},{"title":"Wheat Flours","link":"https://www.amazon.in/gp/bestsellers/grocery/4860132031","value":9,"rank":9}]}],"salesRanks":[{"marketplaceId":"A21TJRUUN4KGV","ranks":[{"title":"Grocery & Gourmet Foods","link":"https://www.amazon.in/gp/bestsellers/grocery","value":127,"rank":127},{"title":"Wheat Flours","link":"https://www.amazon.in/gp/bestsellers/grocery/4860132031","value":9,"rank":9}]}],"summaries":[{"marketplaceId":"A21TJRUUN4KGV","brandName":"Pillsbury","browseNode":"4859580031","itemName":"Pillsbury Chakki Fresh Atta, 1kg","manufacturer":"General Mills","modelNumber":"8906000210994 - For Prime Now (Mumbai)","sizeName":"1kg"}],"variations":[]}
