
  {"asin":"B08DJNTBP5","attributes":{"container":[{"type":[{"language_tag":"en_IN","value":"Bag"}],"marketplace_id":"A21TJRUUN4KGV"}],"specialty":[{"language_tag":"en_IN","value":"Nut Free","marketplace_id":"A21TJRUUN4KGV"}],"item_weight":[{"unit":"grams","value":328.0,"marketplace_id":"A21TJRUUN4KGV"}],"bullet_point":[{"language_tag":"en_IN","value":"Betty Crocker chocolate cake mix with Hershey's chocolate syrup","marketplace_id":"A21TJRUUN4KGV"},{"language_tag":"en_IN","value":"Treat in about a minute","marketplace_id":"A21TJRUUN4KGV"},{"language_tag":"en_IN","value":"Mix the chocolate cake mixture with water or milk in a mug","marketplace_id":"A21TJRUUN4KGV"},{"language_tag":"en_IN","value":"Microwave it for 1min 10 sec","marketplace_id":"A21TJRUUN4KGV"},{"language_tag":"en_IN","value":"Remove mug and top it with Hershey's syrup","marketplace_id":"A21TJRUUN4KGV"}],"item_dimensions":[{"width":{"unit":"millimeters","value":850.0},"length":{"unit":"millimeters","value":1150.0},"height":{"unit":"millimeters","value":1450.0},"marketplace_id":"A21TJRUUN4KGV"}],"brand":[{"language_tag":"en_IN","value":"Betty Crocker","marketplace_id":"A21TJRUUN4KGV"}],"product_expiration_type":[{"language_tag":"en_IN","value":"Production Date Required","marketplace_id":"A21TJRUUN4KGV"}],"is_expiration_dated_product":[{"value":true,"marketplace_id":"A21TJRUUN4KGV"}],"generic_keyword":[{"language_tag":"en_IN","value":"Betty Crocker","marketplace_id":"A21TJRUUN4KGV"},{"language_tag":"en_IN","value":"Baking Mixes","marketplace_id":"A21TJRUUN4KGV"},{"language_tag":"en_IN","value":"Instant","marketplace_id":"A21TJRUUN4KGV"},{"language_tag":"en_IN","value":"Mix","marketplace_id":"A21TJRUUN4KGV"},{"language_tag":"en_IN","value":"Ready to cook","marketplace_id":"A21TJRUUN4KGV"},{"language_tag":"en_IN","value":"Instant Food","marketplace_id":"A21TJRUUN4KGV"}],"flavor":[{"language_tag":"en_IN","value":"Chocolate","marketplace_id":"A21TJRUUN4KGV"}],"number_of_items":[{"value":1,"marketplace_id":"A21TJRUUN4KGV"}],"item_package_dimensions":[{"length":{"unit":"centimeters","value":8.8},"width":{"unit":"centimeters","value":11.8},"height":{"unit":"centimeters","value":15.1},"marketplace_id":"A21TJRUUN4KGV"}],"size":[{"language_tag":"en_IN","value":"264 gm","marketplace_id":"A21TJRUUN4KGV"}],"fc_shelf_life":[{"unit":"days","value":270.0,"marketplace_id":"A21TJRUUN4KGV"}],"packer_contact_information":[{"language_tag":"en_IN","value":"General Mills India Pvt Ltd. F-11, MIDC , Nashik","marketplace_id":"A21TJRUUN4KGV"}],"importer_contact_information":[{"language_tag":"en_IN","value":"F-11, MIDC-Malegaon, Sinnar, Nashik-422113,Maharashtra,India","marketplace_id":"A21TJRUUN4KGV"}],"item_type_name":[{"language_tag":"en_IN","value":"Mug Treat Chocolate Cake Mix","marketplace_id":"A21TJRUUN4KGV"}],"contains_liquid_contents":[{"value":false,"marketplace_id":"A21TJRUUN4KGV"}],"item_package_weight":[{"unit":"kilograms","value":0.34,"marketplace_id":"A21TJRUUN4KGV"}],"manufacturer":[{"language_tag":"en_IN","value":"General Mills India Pvt Ltd","marketplace_id":"A21TJRUUN4KGV"}],"externally_assigned_product_identifier":[{"value":"8904150502921","type":"ean","marketplace_id":"A21TJRUUN4KGV"}],"recommended_browse_nodes":[{"value":"4860090031","marketplace_id":"A21TJRUUN4KGV"},{"value":"4733878031","marketplace_id":"A21TJRUUN4KGV"}],"ingredients":[{"language_tag":"en_IN","value":"Cake mix (61%) (Sugar, Refined Wheat Flour (Maida), Dark Compound choco Chips (16.5%) (Sugar, Hydrogenated Vegetable Oil (Palm), Cocoa solids, Emulsifier (INS491, INS322), Dextrose), Cocoa Powder (8%), Edible vegetable oil (Palm), Modified starch (INS1422), Raising agent (INS500(ii), INS341(i)), Egg white, Emulsifier and Stabilizer (INS322, INS47, INS477, INS415, INS466), Iodized Salt. Chocolate flavoured syrup (39%) (Sugar, Water, Invert Sugar, Liquid Glucose, Cocoa powder (5%), Malt Extract, Thickening agent (INS415), Preservative (INS202), Iodized Salt).","marketplace_id":"A21TJRUUN4KGV"}],"supplier_declared_dg_hz_regulation":[{"value":"not_applicable","marketplace_id":"A21TJRUUN4KGV"}],"material_feature":[{"language_tag":"en_IN","value":"Non Vegetarian","marketplace_id":"A21TJRUUN4KGV"}],"item_name":[{"language_tag":"en_IN","value":"Betty Crocker Mug Treat Chocolate Cake Mix Bag, 264 g","marketplace_id":"A21TJRUUN4KGV"}],"list_price":[{"value_with_tax":200.0,"currency":"INR","marketplace_id":"A21TJRUUN4KGV"}],"batteries_required":[{"value":false,"marketplace_id":"A21TJRUUN4KGV"}],"product_site_launch_date":[{"value":"2020-07-22T18:30:01.000Z","marketplace_id":"A21TJRUUN4KGV"}],"unit_count":[{"type":{"language_tag":"en_IN","value":"gram"},"value":264.0,"marketplace_id":"A21TJRUUN4KGV"}]},"identifiers":[{"marketplaceId":"A21TJRUUN4KGV","identifiers":[{"identifier":"8904150502921","identifierType":"EAN"}]}],"images":[{"marketplaceId":"A21TJRUUN4KGV","images":[{"variant":"MAIN","link":"https://m.media-amazon.com/images/I/71L-9lUU0gL.jpg","height":1500,"width":1500},{"variant":"MAIN","link":"https://m.media-amazon.com/images/I/51Vs6s-FHZL.jpg","height":500,"width":500},{"variant":"MAIN","link":"https://m.media-amazon.com/images/I/51Vs6s-FHZL._SL75_.jpg","height":75,"width":75},{"variant":"PT01","link":"https://m.media-amazon.com/images/I/71dbKASD+TL.jpg","height":1500,"width":1500},{"variant":"PT01","link":"https://m.media-amazon.com/images/I/51UGE9b0BxL.jpg","height":500,"width":500},{"variant":"PT01","link":"https://m.media-amazon.com/images/I/51UGE9b0BxL._SL75_.jpg","height":75,"width":75},{"variant":"PT02","link":"https://m.media-amazon.com/images/I/71jJO-3em6L.jpg","height":1500,"width":1500},{"variant":"PT02","link":"https://m.media-amazon.com/images/I/510GV8VtYRL.jpg","height":500,"width":500},{"variant":"PT02","link":"https://m.media-amazon.com/images/I/510GV8VtYRL._SL75_.jpg","height":75,"width":75},{"variant":"PT03","link":"https://m.media-amazon.com/images/I/818bqQiLfzL.jpg","height":1500,"width":1500},{"variant":"PT03","link":"https://m.media-amazon.com/images/I/51PMTs+u10L.jpg","height":500,"width":500},{"variant":"PT03","link":"https://m.media-amazon.com/images/I/51PMTs+u10L._SL75_.jpg","height":75,"width":75},{"variant":"PT04","link":"https://m.media-amazon.com/images/I/71CFS9-xejL.jpg","height":1500,"width":1500},{"variant":"PT04","link":"https://m.media-amazon.com/images/I/51e4mKkyymL.jpg","height":500,"width":500},{"variant":"PT04","link":"https://m.media-amazon.com/images/I/51e4mKkyymL._SL75_.jpg","height":75,"width":75},{"variant":"PT05","link":"https://m.media-amazon.com/images/I/81ImE0noalL.jpg","height":1500,"width":1500},{"variant":"PT05","link":"https://m.media-amazon.com/images/I/51J-1Xw6itL.jpg","height":500,"width":500},{"variant":"PT05","link":"https://m.media-amazon.com/images/I/51J-1Xw6itL._SL75_.jpg","height":75,"width":75},{"variant":"PT06","link":"https://m.media-amazon.com/images/I/81aF1ijb5EL.jpg","height":1500,"width":1500},{"variant":"PT06","link":"https://m.media-amazon.com/images/I/61Vcl0zuooL.jpg","height":500,"width":500},{"variant":"PT06","link":"https://m.media-amazon.com/images/I/61Vcl0zuooL._SL75_.jpg","height":75,"width":75}]}],"productTypes":[{"marketplaceId":"A21TJRUUN4KGV","productType":"BAKING_MIX"}],"ranks":[{"marketplaceId":"A21TJRUUN4KGV","ranks":[{"title":"Grocery & Gourmet Foods","link":"https://www.amazon.in/gp/bestsellers/grocery","value":7493,"rank":7493},{"title":"Baking Mixes","link":"https://www.amazon.in/gp/bestsellers/grocery/4859566031","value":53,"rank":53}]}],"salesRanks":[{"marketplaceId":"A21TJRUUN4KGV","ranks":[{"title":"Grocery & Gourmet Foods","link":"https://www.amazon.in/gp/bestsellers/grocery","value":7493,"rank":7493},{"title":"Baking Mixes","link":"https://www.amazon.in/gp/bestsellers/grocery/4859566031","value":53,"rank":53}]}],"summaries":[{"marketplaceId":"A21TJRUUN4KGV","brandName":"Betty Crocker","browseNode":"4860090031","itemName":"Betty Crocker Mug Treat Chocolate Cake Mix Bag, 264 g","manufacturer":"General Mills India Pvt Ltd","sizeName":"264 gm"}],"variations":[{"marketplaceId":"A21TJRUUN4KGV","asins":["B094YT1N8L"],"variationType":"CHILD"}]}
